rank,title,worldwide_lifetime_gross,domestic_lifetime_gross,domestic_percentage,foreign_lifetime_gross,foreign_percentage,year
1,Avatar,2923710708,785221649.0,26.9,2138489059,73.1,2009
2,Avengers: Endgame,2799439100,858373000.0,30.7,1941066100,69.3,2019
3,Avatar: The Way of Water,2334484620,688459501.0,29.5,1646025119,70.5,2022
4,Titanic,2264812968,674354882.0,29.8,1590458086,70.2,1997
5,Ne Zha 2,2259822417,23308176.0,1.0,2236514241,99.0,2025
6,Star Wars: Episode VII - The Force Awakens,2071310218,936662225.0,45.2,1134647993,54.8,2015
7,Avengers: Infinity War,2052415039,678815482.0,33.1,1373599557,66.9,2018
8,Spider-Man: No Way Home,1921426073,814866759.0,42.4,1106559314,57.6,2021
9,Zootopia 2,1860415662,426713203.0,22.9,1433702459,77.1,2025
10,Inside Out 2,1698863816,652980194.0,38.4,1045883622,61.6,2024
11,Jurassic World,1671537444,653406625.0,39.1,1018130819,60.9,2015
12,The Lion King,1662020819,543638043.0,32.7,1118382776,67.3,2019
13,The Avengers,1520538536,623357910.0,41.0,897180626,59.0,2012
14,Furious 7,1515342457,353007020.0,23.3,1162335437,76.7,2015
15,Top Gun: Maverick,1495696292,718732821.0,48.0,776963471,52.0,2022
16,Avatar: Fire and Ash,1481616377,402024599.0,27.1,1079591778,72.9,2025
17,Frozen II,1453683476,477373578.0,32.8,976309898,67.2,2019
18,Barbie,1447138421,636238421.0,44.0,810900000,56.0,2023
19,Avengers: Age of Ultron,1405018048,459005868.0,32.7,946012180,67.3,2015
20,The Super Mario Bros. Movie,1360879735,574934330.0,42.2,785945405,57.8,2023
21,Black Panther,1349926083,700426566.0,51.9,649499517,48.1,2018
22,Harry Potter and the Deathly Hallows: Part 2,1342942050,381884297.0,28.4,961057753,71.6,2011
23,Deadpool & Wolverine,1338073645,636745858.0,47.6,701327787,52.4,2024
24,Star Wars: Episode VIII - The Last Jedi,1334407706,620181382.0,46.5,714226324,53.5,2017
25,Jurassic World: Fallen Kingdom,1308566455,417719760.0,31.9,890846695,68.1,2018
26,Frozen,1286513286,400953009.0,31.2,885560277,68.8,2013
27,Beauty and the Beast,1266115964,504481165.0,39.8,761634799,60.2,2017
28,Incredibles 2,1243225667,608581744.0,49.0,634643923,51.0,2018
29,The Fate of the Furious,1236009236,226008385.0,18.3,1010000851,81.7,2017
30,Iron Man 3,1215577205,409013994.0,33.6,806563211,66.4,2013
31,Minions,1159457503,336045770.0,29.0,823411733,71.0,2015
32,Captain America: Civil War,1155046416,408084349.0,35.3,746962067,64.7,2016
33,Aquaman,1152028393,335104314.0,29.1,816924079,70.9,2018
34,The Lord of the Rings: The Return of the King,1148950891,386975644.0,33.7,761975247,66.3,2003
35,Spider-Man: Far from Home,1132723226,391283774.0,34.5,741439452,65.5,2019
36,Captain Marvel,1131416446,426829839.0,37.7,704586607,62.3,2019
37,Transformers: Dark of the Moon,1123794079,352390543.0,31.4,771403536,68.6,2011
38,Skyfall,1108594137,304360277.0,27.4,804233860,72.6,2012
39,Transformers: Age of Extinction,1105261713,245439076.0,22.2,859822637,77.8,2014
40,Jurassic Park,1103110411,407185075.0,36.9,695925336,63.1,1993
41,The Dark Knight Rises,1085429532,448149584.0,41.3,637279948,58.7,2012
42,Joker,1078958629,335477657.0,31.1,743480972,68.9,2019
43,Star Wars: Episode IX - The Rise of Skywalker,1077022372,515202542.0,47.8,561819830,52.2,2019
44,Toy Story 4,1073841394,434038008.0,40.4,639803386,59.6,2019
45,Toy Story 3,1067316101,415004880.0,38.9,652311221,61.1,2010
46,Pirates of the Caribbean: Dead Man's Chest,1066179747,423315812.0,39.7,642863935,60.3,2006
47,Moana 2,1059242164,460405297.0,43.5,598836867,56.5,2024
48,Rogue One: A Star Wars Story,1058684742,533539991.0,50.4,525144751,49.6,2016
49,Aladdin,1054304000,355559216.0,33.7,698744784,66.3,2019
50,Pirates of the Caribbean: On Stranger Tides,1046721266,241071802.0,23.0,805649464,77.0,2011
51,Star Wars: Episode I - The Phantom Menace,1046515409,487576624.0,46.6,558938785,53.4,1999
52,Lilo & Stitch,1038027526,423778855.0,40.8,614248671,59.2,2025
53,Despicable Me 3,1034800131,264624300.0,25.6,770175831,74.4,2017
54,Harry Potter and the Sorcerer's Stone,1029374615,319765078.0,31.1,709609537,68.9,2001
55,Finding Dory,1029266989,486295561.0,47.2,542971428,52.8,2016
56,Zootopia,1025521689,341268248.0,33.3,684253441,66.7,2016
57,Alice in Wonderland,1025468216,334191110.0,32.6,691277106,67.4,2010
58,The Hobbit: An Unexpected Journey,1017453991,303030651.0,29.8,714423340,70.2,2012
59,The Dark Knight,1008477382,534987076.0,53.0,473490306,47.0,2008
60,Jurassic World: Dominion,1001978080,376851080.0,37.6,625127000,62.4,2022
61,The Lion King,979161632,424979720.0,43.4,554181912,56.6,1994
62,Oppenheimer,975811333,330078895.0,33.8,645732438,66.2,2023
63,Despicable Me 4,972021410,361004205.0,37.1,611017205,62.9,2024
64,Despicable Me 2,970766005,368065385.0,37.9,602700620,62.1,2013
65,The Jungle Book,967724775,364001123.0,37.6,603723652,62.4,2016
66,The Hobbit: The Battle of the Five Armies,962749443,255138261.0,26.5,707611182,73.5,2014
67,Jumanji: Welcome to the Jungle,962544585,404540171.0,42.0,558004414,58.0,2017
68,Pirates of the Caribbean: At World's End,961691209,309420425.0,32.2,652270784,67.8,2007
69,A Minecraft Movie,961187780,424087780.0,44.1,537100000,55.9,2025
70,Harry Potter and the Deathly Hallows: Part 1,960858478,296374621.0,30.8,664483857,69.2,2010
71,The Hobbit: The Desolation of Smaug,959079095,258387334.0,26.9,700691761,73.1,2013
72,Doctor Strange in the Multiverse of Madness,955775804,411331607.0,43.0,544444197,57.0,2022
73,The Lord of the Rings: The Two Towers,944737929,350104956.0,37.1,594632973,62.9,2002
74,Harry Potter and the Order of the Phoenix,942872838,292382727.0,31.0,650490111,69.0,2007
75,Finding Nemo,941637960,380843261.0,40.4,560794699,59.6,2003
76,Harry Potter and the Half-Blood Prince,941056063,302334374.0,32.1,638721689,67.9,2009
77,Minions: The Rise of Gru,940482695,370549695.0,39.4,569933000,60.6,2022
78,Shrek 2,932536239,444978202.0,47.7,487558037,52.3,2004
79,Bohemian Rhapsody,910813521,216668042.0,23.8,694145479,76.2,2018
80,Star Wars: Episode III - Revenge of the Sith,905595947,414378291.0,45.8,491217656,54.2,2005
81,The Battle at Lake Changjin,902548476,342411.0,0.1,902206065,100.0,2021
82,Harry Potter and the Goblet of Fire,900435886,291239805.0,32.3,609196081,67.7,2005
83,The Lord of the Rings: The Fellowship of the Ring,896997510,325873309.0,36.3,571124201,63.7,2001
84,Spider-Man 3,887404761,338032318.0,38.1,549372443,61.9,2007
85,Ice Age: Dawn of the Dinosaurs,886686817,196573705.0,22.2,690113112,77.8,2009
86,Harry Potter and the Chamber of Secrets,883386103,263094348.0,29.8,620291755,70.2,2002
87,Spider-Man: Homecoming,880978185,334952829.0,38.0,546025356,62.0,2017
88,Spectre,880707597,200074609.0,22.7,680632988,77.3,2015
89,Ice Age: Continental Drift,877244782,161321843.0,18.4,715922939,81.6,2012
90,The Secret Life of Pets,875698161,368623860.0,42.1,507074301,57.9,2016
91,Batman v Superman: Dawn of Justice,874362803,330360194.0,37.8,544002609,62.2,2016
92,Wolf Warrior 2,870325439,2721100.0,0.3,867604339,99.7,2017
93,Jurassic World: Rebirth,869146189,339640400.0,39.1,529505789,60.9,2025
94,The Twilight Saga: Breaking Dawn - Part 2,868590075,293144686.0,33.8,575445389,66.2,2012
95,The Hunger Games: Catching Fire,865011746,424668047.0,49.1,440343699,50.9,2013
96,Guardians of the Galaxy Vol. 2,863764214,389813101.0,45.1,473951113,54.9,2017
97,Black Panther: Wakanda Forever,859208836,453829060.0,52.8,405379776,47.2,2022
98,Inside Out,859076254,356461711.0,41.5,502614543,58.5,2015
99,Venom,856085161,213515506.0,24.9,642569655,75.1,2018
100,Thor: Ragnarok,855301806,315058289.0,36.8,540243517,63.2,2017
101,Guardians of the Galaxy Vol. 3,845555777,358995815.0,42.5,486559962,57.5,2023
102,Inception,839786473,292587330.0,34.8,547199143,65.2,2010
103,Transformers: Revenge of the Fallen,836304167,402111870.0,48.1,434192297,51.9,2009
104,Mission: Impossible - Fallout,824171374,220159104.0,26.7,604012270,73.3,2018
105,Wonder Woman,823970682,412845172.0,50.1,411125510,49.9,2017
106,Coco,823285838,210460015.0,25.6,612825823,74.4,2017
107,"Hi, Mom",822009764,,,822009764,100.0,2021
108,Independence Day,817400891,306169268.0,37.5,511231623,62.5,1996
109,Fantastic Beasts and Where to Find Them,816037575,234037575.0,28.7,582000000,71.3,2016
110,Spider-Man,810923968,408524875.0,50.4,402399093,49.6,2002
111,Harry Potter and the Prisoner of Azkaban,810556919,250657586.0,30.9,559899333,69.1,2004
112,Shrek the Third,808310187,322719944.0,39.9,485590243,60.1,2007
113,Jumanji: The Next Level,801693929,320314960.0,40.0,481378969,60.0,2019
114,The Da Vinci Code,801349858,217536138.0,27.2,583813720,72.8,2006
115,E.T. the Extra-Terrestrial,797307407,439454989.0,55.1,357852418,44.9,1982
116,Pirates of the Caribbean: Dead Men Tell No Tales,795922298,172558876.0,21.7,623363422,78.3,2017
117,2012,791217826,166112167.0,21.0,625105659,79.0,2009
118,Fast & Furious 6,788683342,238679850.0,30.3,550003492,69.7,2013
119,Indiana Jones and the Kingdom of the Crystal Skull,786636033,317101119.0,40.3,469534914,59.7,2008
120,Deadpool 2,785896632,324591735.0,41.3,461304897,58.7,2018
121,Spider-Man 2,785388262,375087840.0,47.8,410300422,52.2,2004
122,Deadpool,782837347,363070709.0,46.4,419766638,53.6,2016
123,Star Wars: Episode IV - A New Hope,775398507,460998507.0,59.4,314400000,40.6,1977
124,No Time to Die,774153007,160891007.0,20.8,613262000,79.2,2021
125,Interstellar,773864317,203227580.0,26.3,570636737,73.7,2014
126,Guardians of the Galaxy,773350376,333718600.0,43.2,439631776,56.8,2014
127,The Batman,772775278,369801546.0,47.8,402973732,52.2,2022
128,Thor: Love and Thunder,760928081,343256830.0,45.1,417671251,54.9,2022
129,Fast & Furious Presents: Hobbs & Shaw,760732926,173956935.0,22.9,586775991,77.1,2019
130,The Twilight Saga: Eclipse,760627618,300840764.0,39.6,459786854,60.4,2010
131,Maleficent,759853685,241410378.0,31.8,518443307,68.2,2014
132,The Hunger Games: Mockingjay - Part 1,758846335,337135885.0,44.4,421710450,55.6,2014
133,Wicked,758790057,474983975.0,62.6,283806082,37.4,2024
134,The Amazing Spider-Man,758725893,262782352.0,34.6,495943541,65.4,2012
135,Shrek Forever After,752600867,238736787.0,31.7,513864080,68.3,2010
136,Suicide Squad,749200054,325100054.0,43.4,424100000,56.6,2016
137,Madagascar 3: Europe's Most Wanted,746921274,216391482.0,29.0,530529792,71.0,2012
138,X-Men: Days of Future Past,746045700,233921534.0,31.4,512124166,68.6,2014
139,"The Chronicles of Narnia: The Lion, the Witch and the Wardrobe",745013115,291710957.0,39.2,453302158,60.8,2005
140,Monsters University,743559645,268492764.0,36.1,475066881,63.9,2013
141,The Matrix Reloaded,741847937,281576461.0,38.0,460271476,62.0,2003
142,Up,735103954,293004164.0,39.9,442099790,60.1,2009
143,Demon Slayer: Kimetsu no Yaiba Infinity Castle,733840846,134884077.0,18.4,598956769,81.6,2025
144,The Twilight Saga: Breaking Dawn - Part 1,731980095,281797623.0,38.5,450182472,61.5,2011
145,F9: The Fast Saga,726229501,173005945.0,23.8,553223556,76.2,2021
146,Ne Zha,726225471,3695533.0,0.5,722529938,99.5,2019
147,Gravity,723753370,274092705.0,37.9,449660665,62.1,2013
148,Mufasa: The Lion King,722631756,254567693.0,35.2,468064063,64.8,2024
149,It,719766009,328874981.0,45.7,390891028,54.3,2017
150,The Amazing Spider-Man 2,716934779,203605622.0,28.4,513329157,71.6,2014
151,Dune: Part Two,714844358,282144358.0,39.5,432700000,60.5,2024
152,Captain America: The Winter Soldier,714421503,259766572.0,36.4,454654931,63.6,2014
153,The Twilight Saga: New Moon,712135229,298410482.0,41.9,413724747,58.1,2009
154,Mission: Impossible - Rogue Nation,710916403,195042377.0,27.4,515874026,72.6,2015
155,Dawn of the Planet of the Apes,710644566,208545589.0,29.4,502098977,70.6,2014
156,Transformers,709709780,319246193.0,45.0,390463587,55.0,2007
157,Fast X,704875015,146126015.0,20.7,558749000,79.3,2023
158,The Wandering Earth,699992512,5971413.0,0.8,694021099,99.2,2019
159,The Hunger Games,695220619,408010692.0,58.7,287209927,41.3,2012
160,Mission: Impossible - Ghost Protocol,694713380,209397903.0,30.1,485315477,69.9,2011
161,Spider-Man: Across the Spider-Verse,690824738,381593754.0,55.2,309230984,44.8,2023
162,Detective Chinatown 3,686257563,,,686257563,100.0,2021
163,Forrest Gump,678226465,330455270.0,48.7,347771195,51.3,1994
164,Doctor Strange,677796833,232641920.0,34.3,445154913,65.7,2016
165,The Sixth Sense,672806731,293506292.0,43.6,379300439,56.4,1999
166,Big Hero 6,672107599,222527828.0,33.1,449579771,66.9,2014
167,Full River Red,670491959,,,670491959,100.0,2023
168,Man of Steel,670145518,291045518.0,43.4,379100000,56.6,2013
169,Ice Age 2: The Meltdown,667318416,195330621.0,29.3,471987795,70.7,2006
170,Kung Fu Panda 2,665692281,165249063.0,24.8,500443218,75.2,2011
171,The Hunger Games: Mockingjay - Part 2,664905155,281723902.0,42.4,383181253,57.6,2015
172,Justice League,661326987,229024295.0,34.6,432302692,65.4,2017
173,Fantastic Beasts: The Crimes of Grindelwald,655755901,159555901.0,24.3,496200000,75.7,2018
174,Pirates of the Caribbean: The Curse of the Black Pearl,654264546,305413918.0,46.7,348850628,53.3,2003
175,Men in Black³,654213485,179020854.0,27.4,475192631,72.6,2012
176,Star Wars: Episode II - Attack of the Clones,653780724,310676740.0,47.5,343103984,52.5,2002
177,Thor: The Dark World,644783140,206362140.0,32.0,438421000,68.0,2013
178,Moana,643332974,248757044.0,38.7,394575930,61.3,2016
179,How to Train Your Dragon,636660470,262958100.0,41.3,373702370,58.7,2025
180,Wonka,634502312,218402312.0,34.4,416100000,65.6,2023
181,Sing,634338409,270578425.0,42.7,363759984,57.3,2016
182,F1: The Movie,633442436,189642436.0,29.9,443800000,70.1,2025
183,Kung Fu Panda,632384787,216064546.0,34.2,416320241,65.8,2008
184,The Incredibles,631688498,261441092.0,41.4,370247406,58.6,2004
185,The Martian,630621406,228433663.0,36.2,402187743,63.8,2015
186,Hancock,629443428,227946274.0,36.2,401497154,63.8,2008
187,Water Gate Bridge,626571697,117294.0,0.1,626454403,100.0,2022
188,Fast Five,626140012,209837675.0,33.5,416302337,66.5,2011
189,Iron Man 2,623933331,312433331.0,50.1,311500000,49.9,2010
190,Ratatouille,623738973,206445654.0,33.1,417293319,66.9,2007
191,Ant-Man and the Wasp,622674139,216648740.0,34.8,406025399,65.2,2018
192,How to Train Your Dragon 2,621537519,177002924.0,28.5,444534595,71.5,2014
193,Logan,619180476,226277068.0,36.5,392903408,63.5,2017
194,Superman,618723803,354223803.0,57.2,264500000,42.8,2025
195,The Lost World: Jurassic Park,618638999,229086679.0,37.0,389552320,63.0,1997
196,Casino Royale,616585752,167445960.0,27.2,449139792,72.8,2006
197,Mamma Mia!,615057699,144330569.0,23.5,470727130,76.5,2008
198,The Wandering Earth II,615023132,5023132.0,0.8,610000000,99.2,2023
199,The Passion of the Christ,610063438,370782930.0,60.8,239280508,39.2,2004
200,Life of Pi,609016565,124987023.0,20.5,484029542,79.5,2012
201,Ready Player One,607874422,137715350.0,22.7,470159072,77.3,2018
202,Transformers: The Last Knight,605425157,130168683.0,21.5,475256474,78.5,2017
203,Madagascar: Escape 2 Africa,603900354,180010950.0,29.8,423889404,70.2,2008
204,War of the Worlds,603873504,234280354.0,38.8,369593150,61.2,2005
205,Mission: Impossible - The Final Reckoning,598767057,197413515.0,33.0,401353542,67.0,2025
206,Tangled,591806017,200821936.0,33.9,390984081,66.1,2010
207,Quantum of Solace,589593688,168368427.0,28.6,421225261,71.4,2008
208,Men in Black,589390539,250690539.0,42.5,338700000,57.5,1997
209,The Croods,587267229,187168425.0,31.9,400098804,68.1,2013
210,The Hangover Part II,586764305,254464305.0,43.4,332300000,56.6,2011
211,Iron Man,585796247,319034126.0,54.5,266762121,45.5,2008
212,I Am Legend,585498742,256393010.0,43.8,329105732,56.2,2007
213,"Monsters, Inc.",579773055,290642256.0,50.1,289130799,49.9,2001
214,Operation Red Sea,579330426,1543547.0,0.3,577786879,99.7,2018
215,Night at the Museum,574482479,250863268.0,43.7,323619211,56.3,2006
216,Godzilla x Kong: The New Empire,572050016,196350016.0,34.3,375700000,65.7,2024
217,Mission: Impossible - Dead Reckoning Part One,571125435,172640980.0,30.2,398484455,69.8,2023
218,Fifty Shades of Grey,569651467,166167230.0,29.2,403484237,70.8,2015
219,The Little Mermaid,569642672,298172056.0,52.3,271470616,47.7,2023
220,Kong: Skull Island,568652812,168052812.0,29.6,400600000,70.4,2017
221,The Smurfs,563892376,142614158.0,25.3,421278218,74.7,2011
222,Cars 2,559853036,191452396.0,34.2,368400640,65.8,2011
223,King Kong,556907510,218080025.0,39.2,338827485,60.8,2005
224,Puss in Boots,554987477,149260504.0,26.9,405726973,73.1,2011
225,The Mermaid,553810228,3232685.0,0.6,550577543,99.4,2016
226,Armageddon,553712773,201578182.0,36.4,352134591,63.6,1998
227,The Grinch,552976825,272504456.0,49.3,280472369,50.7,2018
228,The Day After Tomorrow,552639571,186740799.0,33.8,365898772,66.2,2004
229,Star Wars: Episode V - The Empire Strikes Back,550016086,292753960.0,53.2,257262126,46.8,1980
230,Ted,549368315,218815487.0,39.8,330552828,60.2,2012
231,Dunkirk,549136737,189740665.0,34.6,359396072,65.4,2017
232,Kung Fu Panda 4,547946428,193590620.0,35.3,354355808,64.7,2024
233,American Sniper,547659020,350159020.0,63.9,197500000,36.1,2014
234,Mission: Impossible II,546388108,215409889.0,39.4,330978219,60.6,2000
235,Detective Chinatown 2,544185156,1983984.0,0.4,542201172,99.6,2018
236,Despicable Me,544174973,251683815.0,46.2,292491158,53.8,2010
237,X-Men: Apocalypse,543934105,155442489.0,28.6,388491616,71.4,2016
238,Sherlock Holmes: A Game of Shadows,543848418,186848418.0,34.4,357000000,65.6,2011
239,Madagascar,543289400,194820396.0,35.9,348469004,64.1,2005
240,Cinderella,542358331,201151353.0,37.1,341206978,62.9,2015
241,Hotel Transylvania 3: Summer Vacation,541504608,167510016.0,30.9,373994592,69.1,2018
242,World War Z,540455876,202807711.0,37.5,337648165,62.5,2013
243,How to Train Your Dragon: The Hidden World,539987993,160945505.0,29.8,379042488,70.2,2019
244,Brave,538983207,237283207.0,44.0,301700000,56.0,2012
245,The Simpsons Movie,536414293,183135014.0,34.1,353279279,65.9,2007
246,The Revenant,533331000,184018391.0,34.5,349312609,65.5,2015
247,No More Bets,532600264,,,532600264,100.0,2023
248,The Meg,529338515,145522784.0,27.5,383815731,72.5,2018
249,Ralph Breaks the Internet,529323962,201091711.0,38.0,328232251,62.0,2018
250,The Boss Baby,527965936,175003033.0,33.2,352962903,66.8,2017
251,Wicked: For Good,527900851,342915090.0,65.0,184985761,35.0,2025
252,WALL·E,527404782,223808164.0,42.4,303596618,57.6,2008
253,Godzilla,524978362,200676069.0,38.2,324302293,61.8,2014
254,Sherlock Holmes,524028679,209028679.0,39.9,315000000,60.1,2009
255,Meet the Fockers,522657936,279261160.0,53.4,243396776,46.6,2004
256,La La Land,522314583,151101803.0,28.9,371212780,71.1,2016
257,The Fantastic Four: First Steps,521858728,274286610.0,52.6,247572118,47.4,2025
258,Kung Fu Panda 3,521170825,143528619.0,27.5,377642206,72.5,2016
259,Ant-Man,519311965,180202163.0,34.7,339109802,65.3,2015
260,Terminator 2: Judgment Day,517778573,205881154.0,39.8,311897419,60.2,1991
261,Venom: Let There Be Carnage,506813864,213550366.0,42.1,293263498,57.9,2021
262,Ghost,505703557,217631306.0,43.0,288072251,57.0,1990
263,Aladdin,504050219,217350219.0,43.1,286700000,56.9,1992
264,Detective Chinatown 1900,500282092,2229946.0,0.4,498052146,99.6,2025
265,The Conjuring: Last Rites,499156445,177756445.0,35.6,321400000,64.4,2025
266,Rio 2,498781117,131538435.0,26.4,367242682,73.6,2014
267,Troy,497409852,133378256.0,26.8,364031596,73.2,2004
268,Toy Story 2,497375404,245852179.0,49.4,251523225,50.6,1999
269,Elemental,496444308,154426697.0,31.1,342017611,68.9,2023
270,How to Train Your Dragon,494879860,217581231.0,44.0,277298629,56.0,2010
271,Twister,494580615,241830615.0,48.9,252750000,51.1,1996
272,Oz the Great and Powerful,493311825,234911825.0,47.6,258400000,52.4,2013
273,Clash of the Titans,493214993,163214888.0,33.1,330000105,66.9,2010
274,Sonic the Hedgehog 3,492162604,236115100.0,48.0,256047504,52.0,2024
275,Maleficent: Mistress of Evil,491730089,113929605.0,23.2,377800484,76.8,2019
276,Jaws,490736300,280083300.0,57.1,210653000,42.9,1975
277,War for the Planet of the Apes,490719763,146880162.0,29.9,343839601,70.1,2017
278,Shrek,488977919,268698241.0,55.0,220279678,45.0,2001
279,Lost in the Stars,487637474,1721446.0,0.4,485916028,99.6,2023
280,Mr. & Mrs. Smith,487287646,186336279.0,38.2,300951367,61.8,2005
281,Demon Slayer: Kimetsu no Yaiba - The Movie: Mugen Train,486451200,49888550.0,10.3,436562650,89.7,2020
282,Angels & Demons,485930816,133375846.0,27.4,352554970,72.6,2009
283,Teenage Mutant Ninja Turtles,485004754,191204754.0,39.4,293800000,60.6,2014
284,Bruce Almighty,484592874,242829261.0,50.1,241763613,49.9,2003
285,Rio,483895196,143619809.0,29.7,340275387,70.3,2011
286,Star Wars: Episode VI - Return of the Jedi,482466382,316566101.0,65.6,165900281,34.4,1983
287,Saving Private Ryan,482352390,217049603.0,45.0,265302787,55.0,1998
288,Rise of the Planet of the Apes,481800873,176760185.0,36.7,305040688,63.3,2011
289,Puss in Boots: The Last Wish,480466413,186090535.0,38.7,294375878,61.3,2022
290,Venom: The Last Dance,478937618,139755882.0,29.2,339181736,70.8,2024
291,Home Alone,477383642,285761243.0,59.9,191622399,40.1,1990
292,Ant-Man and the Wasp: Quantumania,476071180,214504909.0,45.1,261566271,54.9,2023
293,Hotel Transylvania 2,475186976,169700110.0,35.7,305486866,64.3,2015
294,Charlie and the Chocolate Factory,474968763,206459076.0,43.5,268509687,56.5,2005
295,San Andreas,474609154,155190832.0,32.7,319418322,67.3,2015
296,Indiana Jones and the Last Crusade,474171806,197171806.0,41.6,277000000,58.4,1989
297,The Matrix,473328167,177559005.0,37.5,295769162,62.5,1999
298,It: Chapter Two,473123154,211622525.0,44.7,261500629,55.3,2019
299,The Greatest Showman,471876656,174340174.0,37.0,297536482,63.0,2017
300,Wreck-It Ralph,471222906,189422889.0,40.2,281800017,59.8,2012
301,The Lego Movie,470760260,257966122.0,54.8,212794138,45.2,2014
302,Godzilla vs. Kong,470116094,100916094.0,21.5,369200000,78.5,2021
303,The Hangover,469329059,277339746.0,59.1,191989313,40.9,2009
304,Lucy,469058574,126663600.0,27.0,342394974,73.0,2014
305,Bumblebee,467989645,127195589.0,27.2,340794056,72.8,2018
306,Star Trek Into Darkness,467365246,228778661.0,49.0,238586585,51.0,2013
307,Gladiator,465516248,187705427.0,40.3,277810821,59.7,2000
308,Pretty Woman,463406268,178406268.0,38.5,285000000,61.5,1990
309,Gladiator II,462180717,172438016.0,37.3,289742701,62.7,2024
310,Cars,461996328,244082982.0,52.8,217913346,47.2,2006
311,The Eight Hundred,461421559,372755.0,0.1,461048804,99.9,2020
312,X-Men: The Last Stand,460435291,234362462.0,50.9,226072829,49.1,2006
313,Moon Man,460237662,,,460237662,100.0,2022
314,National Treasure: Book of Secrets,459242249,219964115.0,47.9,239278134,52.1,2007
315,Mission: Impossible,457696391,180981856.0,39.5,276714535,60.5,1996
316,300,456082343,210629101.0,46.2,245453242,53.8,2007
317,The Last Samurai,454627263,111127263.0,24.4,343500000,75.6,2003
318,Beetlejuice Beetlejuice,452000435,294100435.0,65.1,157900000,34.9,2024
319,Beauty and the Beast,451291298,218967620.0,48.5,232323678,51.5,1991
320,Dying to Survive,451183391,6752.0,,451176639,100.0,2018
321,Ocean's Eleven,450717150,183417150.0,40.7,267300000,59.3,2001
322,"My People, My Country",450064993,2356683.0,0.5,447708310,99.5,2019
323,Pokémon: Detective Pikachu,450063166,144174568.0,32.0,305888598,68.0,2019
324,Thor,449326618,181030624.0,40.3,268295994,59.7,2011
325,Pearl Harbor,449220945,198542554.0,44.2,250678391,55.8,2001
326,Tarzan,448192603,171091819.0,38.2,277100784,61.8,1999
327,John Wick: Chapter 4,447142521,187131806.0,41.8,260010715,58.2,2023
328,1917,446064352,159227644.0,35.7,286836708,64.3,2019
329,Men in Black II,445135288,193735288.0,43.5,251400000,56.5,2002
330,The Mummy Returns,443284916,202019785.0,45.6,241265131,54.4,2001
331,Alvin and the Chipmunks: The Squeakquel,443140005,219614612.0,49.6,223525393,50.4,2009
332,The Bourne Ultimatum,442824138,227471070.0,51.4,215353068,48.6,2007
333,Les Misérables,442757529,149260140.0,33.7,293497389,66.3,2012
334,Transformers: Rise of the Beasts,441656550,157341749.0,35.6,284314801,64.4,2023
335,Mrs. Doubtfire,441286195,219195243.0,49.7,222090952,50.3,1993
336,Terminator Genisys,440603537,89760956.0,20.4,350842581,79.6,2015
337,Aquaman and the Lost Kingdom,440181226,124481226.0,28.3,315700000,71.7,2023
338,A Star Is Born,439943006,215333122.0,49.0,224609884,51.0,2018
339,Warcraft,439048914,47365290.0,10.8,391683624,89.2,2016
340,Yolo,433606094,2001584.0,0.5,431604510,99.5,2024
341,Terminator 3: Rise of the Machines,433371112,150371112.0,34.7,283000000,65.3,2003
342,Shang-Chi and the Legend of the Ten Rings,432243292,224543292.0,52.0,207700000,48.0,2021
343,Die Another Day,431971781,160942139.0,37.3,271029642,62.7,2002
344,The Secret Life of Pets 2,431164459,158980250.0,36.9,272184209,63.1,2019
345,The Exorcist,430872776,233005644.0,54.1,197867132,45.9,1973
346,Cast Away,429632142,233632142.0,54.4,196000000,45.6,2000
347,Rampage,428128399,101028233.0,23.6,327100166,76.4,2018
348,The Matrix Revolutions,427344325,139313948.0,32.6,288030377,67.4,2003
349,The Intouchables,426590315,10198820.0,2.4,416391495,97.6,2011
350,Bad Boys for Life,426505244,206305244.0,48.4,220200000,51.6,2020
351,Django Unchained,426076540,162805434.0,38.2,263271106,61.8,2012
352,Dances with Wolves,424208848,184208848.0,43.4,240000000,56.6,1990
353,Pegasus 2,422878491,,,422878491,100.0,2024
354,Dead to Rights,422785908,,,422785908,100.0,2025
355,"My People, My Homeland",422390820,,,422390820,100.0,2020
356,Successor,422307398,,,422307398,100.0,2024
357,The Chronicles of Narnia: Prince Caspian,419665568,141621490.0,33.8,278044078,66.2,2008
358,Sex and the City,418769972,152647258.0,36.4,266122714,63.6,2008
359,The Captain,417863545,706572.0,0.2,417156973,99.8,2019
360,The Mummy,417643286,157095368.0,37.6,260547918,62.4,1999
361,The Chronicles of Narnia: The Voyage of the Dawn Treader,415686217,104386950.0,25.1,311299267,74.9,2010
362,Jason Bourne,415484914,162434410.0,39.1,253050504,60.9,2016
363,Captain America: Brave New World,415101577,200500001.0,48.3,214601576,51.7,2025
364,The Wolverine,414828246,132556852.0,32.0,282271394,68.0,2013
365,Kingsman: The Secret Service,414351546,128261724.0,31.0,286089822,69.0,2015
366,The King's Speech,414245125,138797449.0,33.5,275447676,66.5,2010
367,Night at the Museum: Battle of the Smithsonian,413106170,177243721.0,42.9,235862449,57.1,2009
368,Batman,411569241,251409241.0,61.1,160160000,38.9,1989
369,The Bodyguard,411046449,122046449.0,29.7,289000000,70.3,1992
370,Pacific Rim,411002906,101802906.0,24.8,309200000,75.2,2013
371,Kingsman: The Golden Circle,410902662,100234838.0,24.4,310667824,75.6,2017
372,Dune: Part One,410668500,108897830.0,26.5,301770670,73.5,2021
373,The Mummy,409231607,80227895.0,19.6,329003712,80.4,2017
374,Ice Age: Collision Course,408754975,64063008.0,15.7,344691967,84.3,2016
375,Sing 2,408402685,162790990.0,39.9,245611695,60.1,2021
376,Signs,408247917,227966634.0,55.8,180281283,44.2,2002
377,X2: X-Men United,407711549,214949694.0,52.7,192761855,47.3,2003
378,Fantastic Beasts: The Secrets of Dumbledore,407150844,95850844.0,23.5,311300000,76.5,2022
379,Uncharted,407141258,148648820.0,36.5,258492438,63.5,2022
380,The Wolf of Wall Street,407039432,116900694.0,28.7,290138738,71.3,2013
381,Sonic the Hedgehog 2,405421518,190872904.0,47.1,214548614,52.9,2022
382,Your Name.,405320132,5017246.0,1.2,400302886,98.8,2016
383,Alita: Battle Angel,404980543,85838210.0,21.2,319142333,78.8,2019
384,Bad Boys: Ride or Die,404550184,193573217.0,47.8,210976967,52.2,2024
385,The Mummy: Tomb of the Dragon Emperor,403449830,102491776.0,25.4,300958054,74.6,2008
386,Prometheus,403354469,126477084.0,31.4,276877385,68.6,2012
387,Gone with the Wind,402382193,200882193.0,49.9,201500000,50.1,1939
388,Eternals,402064899,164870234.0,41.0,237194665,59.0,2021
389,Toy Story,401157969,229947062.0,57.3,171210907,42.7,1995
390,Tron: Legacy,400070675,172062763.0,43.0,228007912,57.0,2010
391,Twilight,399980740,195553813.0,48.9,204426927,51.1,2008
392,Meg 2: The Trench,398500317,82600317.0,20.7,315900000,79.3,2023
393,Mission: Impossible III,398479497,134029801.0,33.6,264449696,66.4,2006
394,Kingdom of the Planet of the Apes,397378150,171130165.0,43.1,226247985,56.9,2024
395,Snow White and the Huntsman,396592829,155332381.0,39.2,241260448,60.8,2012
396,Grease,396271103,190071103.0,48.0,206200000,52.0,1978
397,Mamma Mia! Here We Go Again,395607854,120634935.0,30.5,274972919,69.5,2018
398,Spider-Man: Into the Spider-Verse,394884133,190241310.0,48.2,204642823,51.8,2018
399,Once Upon a Time... in Hollywood,393869691,142502728.0,36.2,251366963,63.8,2019
400,Black Adam,393452111,168152111.0,42.7,225300000,57.3,2022
401,Back to the Future,392976852,222476852.0,56.6,170500000,43.4,1985
402,Solo: A Star Wars Story,392924807,213767512.0,54.4,179157295,45.6,2018
403,Superman Returns,391081192,200081192.0,51.2,191000000,48.8,2006
404,The Housemaid,390595882,126432462.0,32.4,264163420,67.6,2025
405,Robin Hood: Prince of Thieves,390493908,165493908.0,42.4,225000000,57.6,1991
406,Raiders of the Lost Ark,389925971,248159971.0,63.6,141766000,36.4,1981
407,Independence Day: Resurgence,389681935,103144286.0,26.5,286537649,73.5,2016
408,Live Free or Die Hard,388156011,134529403.0,34.7,253626608,65.3,2007
409,Godzilla: King of the Monsters,387300138,110500138.0,28.5,276800000,71.5,2019
410,Monster Hunt,387053506,32766.0,0.1,387020740,100.0,2015
411,Home,386041607,177397510.0,46.0,208644097,54.0,2015
412,Star Trek,385681768,257730019.0,66.8,127951749,33.2,2009
413,Happy Feet,384336781,198000317.0,51.5,186336464,48.5,2006
414,Indiana Jones and the Dial of Destiny,383963057,174480468.0,45.4,209482589,54.6,2023
415,Cars 3,383930656,152901115.0,39.8,231029541,60.2,2017
416,Ice Age,383257136,176387405.0,46.0,206869731,54.0,2002
417,Thunderbolts*,382436917,190274328.0,49.8,192162589,50.2,2025
418,Fifty Shades Darker,381545846,114581250.0,30.0,266964596,70.0,2017
419,Monsters vs. Aliens,381509870,198351526.0,52.0,183158344,48.0,2009
420,Edge of Tomorrow,381055527,100206256.0,26.3,280849271,73.7,2014
421,Mad Max: Fury Road,380456026,154280290.0,40.6,226175736,59.4,2015
422,Black Widow,379751655,183651655.0,48.4,196100000,51.6,2021
423,Godzilla,379014294,136314294.0,36.0,242700000,64.0,1998
424,True Lies,378882411,146282411.0,38.6,232600000,61.4,1994
425,Slumdog Millionaire,378411362,141319928.0,37.4,237091434,62.6,2008
426,Taken 2,376152455,139854287.0,37.2,236298168,62.8,2012
427,G.I. Joe: Retaliation,375740705,122523060.0,32.6,253217645,67.4,2013
428,Batman Begins,375579998,206863479.0,55.1,168716519,44.9,2005
429,Shark Tale,374583879,160861908.0,42.9,213721971,57.1,2004
430,What Women Want,374111707,182811707.0,48.9,191300000,51.1,2000
431,The Adventures of Tintin,373994233,77591831.0,20.8,296402402,79.2,2011
432,Penguins of Madagascar,373515621,83850911.0,22.4,289664710,77.6,2014
433,X-Men Origins: Wolverine,373062864,179883157.0,48.2,193179707,51.8,2009
434,Creation of the Gods I: Kingdom of Storms,373044244,1706355.0,0.5,371337889,99.5,2023
435,Twisters,372262265,267762265.0,71.9,104500000,28.1,2024
436,The Golden Compass,372234864,70107728.0,18.8,302127136,81.2,2007
437,Fifty Shades Freed,371985018,100407760.0,27.0,271577258,73.0,2018
438,Hitch,371594603,179495555.0,48.3,192099048,51.7,2005
439,Terminator Salvation,371353001,125322469.0,33.8,246030532,66.2,2009
440,Gone Girl,370890259,167767189.0,45.2,203123070,54.8,2014
441,Pegasus 3,370856295,813849.0,0.2,370042446,99.8,2026
442,Captain America: The First Avenger,370569774,176654505.0,47.7,193915269,52.3,2011
443,Sinners,370050303,279989632.0,75.7,90060671,24.3,2025
444,There's Something About Mary,369884651,176484651.0,47.7,193400000,52.3,1998
445,The Fugitive,368875760,183875760.0,49.8,185000000,50.2,1993
446,Jurassic Park III,368780809,181171875.0,49.1,187608934,50.9,2001
447,My Big Fat Greek Wedding,368744044,241438208.0,65.5,127305836,34.5,2002
448,Shazam!,367799011,140480049.0,38.2,227318962,61.8,2019
449,Hello Mr. Billionaire,366961907,,,366961907,100.0,2018
450,Hotel Transylvania,366412829,148426305.0,40.5,217986524,59.5,2012
451,Die Hard with a Vengeance,366101666,100012499.0,27.3,266089167,72.7,1995
452,The Nun,366082797,117481222.0,32.1,248601575,67.9,2018
453,Alvin and the Chipmunks,365352546,217326974.0,59.5,148025572,40.5,2007
454,Tenet,365309519,58504105.0,16.0,306805414,84.0,2020
455,Notting Hill,364021121,116089678.0,31.9,247931443,68.1,1999
456,A Bug's Life,363258859,162798565.0,44.8,200460294,55.2,1998
457,Night at the Museum: Secret of the Tomb,363204635,113746621.0,31.3,249458014,68.7,2014
458,Ocean's Twelve,362744280,125544280.0,34.6,237200000,65.4,2004
459,Mary Poppins Returns,362529106,171958438.0,47.4,190570668,52.6,2018
460,Planet of the Apes,362211740,180011740.0,49.7,182200000,50.3,2001
461,The Hangover Part III,362000072,112200072.0,31.0,249800000,69.0,2013
462,The World Is Not Enough,361832400,126943684.0,35.1,234888716,64.9,1999
463,The Hunger Games: The Ballad of Songbirds & Snakes,361791134,166350594.0,46.0,195440540,54.0,2023
464,Monster Hunt 2,361682618,706153.0,0.2,360976465,99.8,2018
465,Fast & Furious,360405638,155064265.0,43.0,205341373,57.0,2009
466,Spirited Away,360179707,14821254.0,4.1,345358453,95.9,2001
467,Noah,359200044,101200044.0,28.2,258000000,71.8,2014
468,The Karate Kid,359126022,176591618.0,49.2,182534404,50.8,2010
469,Home Alone 2: Lost in New York,358994850,173585516.0,48.4,185409334,51.6,1992
470,Minority Report,358372926,132072926.0,36.8,226300000,63.2,2002
471,Top Gun,357288178,180258178.0,50.4,177030000,49.6,1986
472,The Legend of Tarzan,357243061,126643061.0,35.4,230600000,64.6,2016
473,American Beauty,356296601,130096601.0,36.5,226200000,63.5,1999
474,Apollo 13,355770228,174692658.0,49.1,181077570,50.9,1995
475,Rain Man,354825435,172825435.0,48.7,182000000,51.3,1988
476,The Great Gatsby,353660028,144857996.0,41.0,208802032,59.0,2013
477,Dumbo,353284621,114766307.0,32.5,238518314,67.5,2019
478,"I, Robot",353133898,144801023.0,41.0,208332875,59.0,2004
479,Basic Instinct,352927224,117727224.0,33.4,235200000,66.6,1992
480,Murder on the Orient Express,352794081,102826543.0,29.2,249967538,70.8,2017
481,X-Men: First Class,352616690,146408305.0,41.5,206208385,58.5,2011
482,The Angry Birds Movie,352333929,107509366.0,30.5,244824563,69.5,2016
483,GoldenEye,352194034,106429941.0,30.2,245764093,69.8,1995
484,Catch Me If You Can,352114312,164615351.0,46.8,187498961,53.2,2002
485,Now You See Me,351723989,117723989.0,33.5,234000000,66.5,2013
486,Hannibal,351692268,165092268.0,46.9,186600000,53.1,2001
487,The Mask,351583407,119938730.0,34.1,231644677,65.9,1994
488,Peter Rabbit,351516614,115253424.0,32.8,236263190,67.2,2018
489,It Ends with Us,351441044,148518266.0,42.3,202922778,57.7,2024
490,Alien: Romulus,350865342,105313091.0,30.0,245552251,70.0,2024
491,How the Grinch Stole Christmas,350474504,264965545.0,75.6,85508959,24.4,2000
492,Speed,350448145,121248145.0,34.6,229200000,65.4,1994
493,Dinosaur,349822765,137748063.0,39.4,212074702,60.6,2000
494,Deep Impact,349464664,140464664.0,40.2,209000000,59.8,1998
495,The Lorax,349305397,214494550.0,61.4,134810847,38.6,2012
496,The Maze Runner,348319861,102427862.0,29.4,245891999,70.6,2014
497,The Smurfs 2,347545360,71017784.0,20.4,276527576,79.6,2013
498,National Treasure,347512530,173008894.0,49.8,174503636,50.2,2004
499,Trolls,347337803,154174089.0,44.4,193163714,55.6,2016
500,Rush Hour 2,347325802,226164286.0,65.1,121161516,34.9,2001
501,xXx: Return of Xander Cage,346118277,44898413.0,13.0,301219864,87.0,2017
502,Pocahontas,346079773,141579773.0,40.9,204500000,59.1,1995
503,Star Trek Beyond,343471816,158848340.0,46.2,184623476,53.8,2016
504,Alvin and the Chipmunks: Chipwrecked,342695435,133110742.0,38.8,209584693,61.2,2011
505,Wanted,342463063,134508551.0,39.3,207954512,60.7,2008
506,The Flintstones,341631208,130531208.0,38.2,211100000,61.8,1994
507,A Quiet Place,340955294,188024361.0,55.2,152930933,44.8,2018
508,Enchanted,340487869,127807262.0,37.5,212680607,62.5,2007
509,Over the Hedge,339795890,155019340.0,45.6,184776550,54.4,2006
510,300: Rise of an Empire,337580051,106580051.0,31.6,231000000,68.4,2014
511,Batman Forever,336567158,184069126.0,54.7,152498032,45.3,1995
512,Prince of Persia: The Sands of Time,336365676,90759676.0,27.0,245606000,73.0,2009
513,The Curious Case of Benjamin Button,335802786,127509326.0,38.0,208293460,62.0,2008
514,Journey 2: The Mysterious Island,335288576,103887748.0,31.0,231400828,69.0,2012
515,The Rock,335062621,134069511.0,40.0,200993110,60.0,1996
516,The Great Wall,334933831,45540830.0,13.6,289393001,86.4,2016
517,Now You See Me 2,334897606,65075540.0,19.4,269822066,80.6,2016
518,The Wild Robot,334537187,143901945.0,43.0,190635242,57.0,2024
519,Never Say Die,334530869,,,334530869,100.0,2017
520,Fantastic Four,333535934,154696080.0,46.4,178839854,53.6,2005
521,Indiana Jones and the Temple of Doom,333107271,179870271.0,54.0,153237000,46.0,1984
522,Tomorrow Never Dies,333011068,125304276.0,37.6,207706792,62.4,1997
523,Back to the Future Part II,332861197,119361197.0,35.9,213500000,64.1,1989
524,The Good Dinosaur,332207671,123087120.0,37.0,209120551,63.0,2015
525,Free Guy,331526598,121626598.0,36.7,209900000,63.3,2021
526,22 Jump Street,331333876,191719337.0,57.9,139614539,42.1,2014
527,Meet the Parents,330444045,166244045.0,50.3,164200000,49.7,2000
528,Black Swan,330213626,107770258.0,32.6,222443368,67.4,2010
529,Seven,329813591,101871174.0,30.9,227942417,69.1,1995
530,Who Framed Roger Rabbit,329803958,156452370.0,47.4,173351588,52.6,1988
531,The Polar Express,328972415,191019448.0,58.1,137952967,41.9,2004
532,The Perfect Storm,328718434,182618434.0,55.6,146100000,44.4,2000
533,John Wick: Chapter 3 - Parabellum,328349908,171015687.0,52.1,157334221,47.9,2019
534,Crocodile Dundee,328203506,174803506.0,53.3,153400000,46.7,1986
535,Crazy Alien,327598891,,,327598891,100.0,2019
536,The Devil Wears Prada,326588371,124740460.0,38.2,201847911,61.8,2006
537,Taken 3,326479141,89256424.0,27.3,237222717,72.7,2015
538,Paddington,326113057,76271832.0,23.4,249841225,76.6,2014
539,The Hunchback of Notre Dame,325338851,100138851.0,30.8,225200000,69.2,1996
540,A Christmas Carol,325286646,137855863.0,42.4,187430783,57.6,2009
541,The SpongeBob Movie: Sponge Out of Water,325186032,162994032.0,50.1,162192000,49.9,2015
542,The Conjuring 2,322819915,102516140.0,31.8,220303775,68.2,2016
543,Schindler's List,322161245,96898818.0,30.1,225262427,69.9,1993
544,Megamind,321885765,148415853.0,46.1,173469912,53.9,2010
545,Green Book,321752656,85080171.0,26.4,236672485,73.6,2018
546,Lethal Weapon 3,321731527,144731527.0,45.0,177000000,55.0,1992
547,Robin Hood,321669741,105269730.0,32.7,216400011,67.3,2010
548,Inglourious Basterds,321461171,120540719.0,37.5,200920452,62.5,2009
549,The Conjuring,321293998,137446368.0,42.8,183847630,57.2,2013
550,101 Dalmatians,320689294,136189294.0,42.5,184500000,57.5,1996
551,Fatal Attraction,320145693,156645693.0,48.9,163500000,51.1,1987
552,Sonic the Hedgehog,319715683,148974665.0,46.6,170741018,53.4,2020
553,The Last Airbender,319713881,131772187.0,41.2,187941694,58.8,2010
554,Final Destination: Bloodlines,317854739,138254739.0,43.5,179600000,56.5,2025
555,The Proposal,317375937,163958031.0,51.7,153417906,48.3,2009
556,A Beautiful Mind,316791257,170742341.0,53.9,146048916,46.1,2001
557,Beverly Hills Cop,316360478,234760478.0,74.2,81600000,25.8,1984
558,Air Force One,315156409,172956409.0,54.9,142200000,45.1,1997
559,Wonder,315025930,132422809.0,42.0,182603121,58.0,2017
560,The Expendables 2,314975955,85028192.0,27.0,229947763,73.0,2012
561,Chicken Little,314432837,135386665.0,43.1,179046172,56.9,2005
562,As Good as It Gets,314178011,148478011.0,47.3,165700000,52.7,1997
563,Austin Powers: The Spy Who Shagged Me,313701294,206040086.0,65.7,107661208,34.3,1999
564,Knives Out,312897920,165363234.0,52.8,147534686,47.2,2019
565,The Lego Batman Movie,312336671,175936671.0,56.3,136400000,43.7,2017
566,Maze Runner: The Scorch Trials,312296056,81697192.0,26.2,230598864,73.8,2015
567,Resident Evil: The Final Chapter,312242626,26830068.0,8.6,285412558,91.4,2016
568,Ocean's Thirteen,311312624,117154724.0,37.6,194157900,62.4,2007
569,Little Fockers,310650585,148438600.0,47.8,162211985,52.2,2010
570,Bolt,309979994,114053579.0,36.8,195926415,63.2,2008
571,Ransom,309492681,136492681.0,44.1,173000000,55.9,1996
572,Runaway Bride,309460292,152257509.0,49.2,157202783,50.8,1999
573,The Blind Side,309231694,255982860.0,82.8,53248834,17.2,2009
574,The Ex-File 3: Return of the Exes,307592427,838959.0,0.3,306753468,99.7,2017
575,The Fault in Our Stars,307170119,124872350.0,40.6,182297769,59.4,2014
576,The Pursuit of Happyness,307127625,163566459.0,53.3,143561166,46.7,2006
577,Rise of the Guardians,306946514,103412758.0,33.7,203533756,66.3,2012
578,Article 20,306899794,,,306899794,100.0,2024
579,Close Encounters of the Third Kind,306889114,135189114.0,44.0,171700000,56.0,1977
580,Chicago,306777683,170687518.0,55.6,136090165,44.4,2002
581,Annabelle: Creation,306592201,102092201.0,33.3,204500000,66.7,2017
582,Skyscraper,304870828,68420120.0,22.4,236450708,77.6,2018
583,A Good Day to Die Hard,304654182,67349198.0,22.1,237304984,77.9,2013
584,Mulan,304320254,120620254.0,39.6,183700000,60.4,1998
585,Dangal,303726694,12391761.0,4.1,291334933,95.9,2016
586,Passengers,303144152,100014699.0,33.0,203129453,67.0,2016
587,Battleship,303025485,65422625.0,21.6,237602860,78.4,2012
588,Liar Liar,302710615,181410615.0,59.9,121300000,40.1,1997
589,G.I. Joe: The Rise of Cobra,302469017,150201498.0,49.7,152267519,50.3,2009
590,Wrath of the Titans,301970083,83670083.0,27.7,218300000,72.3,2012
591,Never Say Never,301957043,,,301957043,100.0,2023
592,Fantastic Four: Rise of the Silver Surfer,301913131,131921738.0,43.7,169991393,56.3,2007
593,Hook,300854823,119654823.0,39.8,181200000,60.2,1991
594,Superman,300478449,134478449.0,44.8,166000000,55.2,1978
595,Rocky IV,300473716,127873716.0,42.6,172600000,57.4,1985
596,Rambo: First Blood Part II,300400432,150415432.0,50.1,149985000,49.9,1985
597,Resident Evil: Afterlife,300228084,60128566.0,20.0,240099518,80.0,2010
598,Migration,300187799,127630880.0,42.5,172556919,57.5,2023
599,Van Helsing,300157638,120177084.0,40.0,179980554,60.0,2004
600,Stuart Little,300135367,140035367.0,46.7,160100000,53.3,1999
601,Beverly Hills Cop II,299965036,153665036.0,51.2,146300000,48.8,1987
602,Alice Through the Looking Glass,299820798,77041381.0,25.7,222779417,74.3,2016
603,My Best Friend's Wedding,299288605,127120029.0,42.5,172168576,57.5,1997
604,Real Steel,299268508,85468508.0,28.6,213800000,71.4,2011
605,Horton Hears a Who!,298572799,154529439.0,51.8,144043360,48.2,2008
606,Ocean's Eight,297795726,140295726.0,47.1,157500000,52.9,2018
607,A Quiet Place Part II,297372261,160072261.0,53.8,137300000,46.2,2021
608,The Divergent Series: Insurgent,297002527,130179072.0,43.8,166823455,56.2,2015
609,Look Who's Talking,296999813,140088813.0,47.2,156911000,52.8,1989
610,Austin Powers in Goldmember,296939148,213307889.0,71.8,83631259,28.2,2002
611,Ghostbusters,296640120,243640120.0,82.1,53000000,17.9,1984
612,Miss Peregrine's Home for Peculiar Children,296482446,87242834.0,29.4,209239612,70.6,2016
613,X-Men,296339528,157299718.0,53.1,139039810,46.9,2000
614,Ferdinand,296069199,84410380.0,28.5,211658819,71.5,2017
615,Shutter Island,294978537,128012934.0,43.4,166965603,56.6,2010
616,Doctor Dolittle,294456605,144156605.0,49.0,150300000,51.0,1998
617,Bee Movie,293518667,126631277.0,43.1,166887390,56.9,2007
618,Salt,293503354,118311368.0,40.3,175191986,59.7,2010
619,G-Force,292817898,119436770.0,40.8,173381128,59.2,2009
620,The Bourne Supremacy,292542992,176241941.0,60.2,116301051,39.8,2004
621,The Departed,292095942,132399394.0,45.3,159696548,54.7,2006
622,Five Nights at Freddy's,291589416,137275620.0,47.1,154313796,52.9,2023
623,What Lies Beneath,291420351,155464351.0,53.4,135956000,46.6,2000
624,Pacific Rim: Uprising,290930148,59874525.0,20.6,231055623,79.4,2018
625,Sex and the City 2,290745055,95347692.0,32.8,195397363,67.2,2010
626,Casper,290277077,102677077.0,35.4,187600000,64.6,1995
627,Paddington 2,290132513,40907738.0,14.1,249224775,85.9,2017
628,Shakespeare in Love,289317794,100317794.0,34.7,189000000,65.3,1998
629,Bridesmaids,289086744,169451048.0,58.6,119635696,41.4,2011
630,Divergent,288885818,150947895.0,52.2,137937923,47.8,2014
631,Coming to America,288752301,128152301.0,44.4,160600000,55.6,1988
632,Elvis,288670284,151040048.0,52.3,137630236,47.7,2022
633,Wedding Crashers,288485135,209273411.0,72.5,79211724,27.5,2005
634,Maze Runner: The Death Cure,288175335,58032443.0,20.1,230142892,79.9,2018
635,American Pie 2,287553595,145103595.0,50.5,142450000,49.5,2001
636,Pitch Perfect 2,287144079,184296230.0,64.2,102847849,35.8,2015
637,The Green Mile,286801374,136801374.0,47.7,150000000,52.3,1999
638,Oblivion,286168572,89107235.0,31.1,197061337,68.9,2013
639,Elysium,286140700,93050117.0,32.5,193090583,67.5,2013
640,Lethal Weapon 4,285444603,130444603.0,45.7,155000000,54.3,1998
641,John Carter,284139100,73078100.0,25.7,211061000,74.3,2012
642,The Boy and the Heron,283506764,47343204.0,16.7,236163560,83.3,2023
643,Turbo,282570682,83028128.0,29.4,199542554,70.6,2013
644,Bridget Jones's Diary,281996961,71543427.0,25.4,210453534,74.6,2001
645,The Tourist,278780441,67631157.0,24.3,211149284,75.7,2010
646,Split,278454417,138291365.0,49.7,140163052,50.3,2017
647,Scary Movie,278023280,157019771.0,56.5,121003509,43.5,2000
648,Blade Runner 2049,277937605,92071675.0,33.1,185865930,66.9,2017
649,xXx,277448382,142109382.0,51.2,135339000,48.8,2002
650,Creed III,276148615,156248615.0,56.6,119900000,43.4,2023
651,The Bourne Legacy,276144750,113203870.0,41.0,162940880,59.0,2012
652,Mr. Peabody & Sherman,275698039,111506430.0,40.4,164191609,59.6,2014
653,Scooby-Doo,275682171,153322074.0,55.6,122360097,44.4,2002
654,Lincoln,275293450,182207973.0,66.2,93085477,33.8,2012
655,Tomb Raider,274950803,58250803.0,21.2,216700000,78.8,2018
656,Lilo & Stitch,274749220,145794338.0,53.1,128954882,46.9,2002
657,Lara Croft: Tomb Raider,274703340,131168070.0,47.8,143535270,52.2,2001
658,The Expendables,274470394,103068524.0,37.6,171401870,62.4,2010
659,Cloudy with a Chance of Meatballs 2,274325949,119793567.0,43.7,154532382,56.3,2013
660,731,274090081,410904.0,0.2,273679177,99.8,2025
661,The Nutty Professor,273961019,128814019.0,47.0,145147000,53.0,1996
662,Jerry Maguire,273552592,153952592.0,56.3,119600000,43.7,1996
663,Bad Boys II,273340010,138608444.0,50.7,134731566,49.3,2003
664,The Silence of the Lambs,272742922,130742922.0,47.9,142000000,52.1,1991
665,Grown Ups,271457606,162001186.0,59.7,109456420,40.3,2010
666,The Flash,271433313,108133313.0,39.8,163300000,60.2,2023
667,Neighbors,270665134,150157400.0,55.5,120507734,44.5,2014
668,The Firm,270248367,158348367.0,58.6,111900000,41.4,1993
669,We're the Millers,269994119,150394119.0,55.7,119600000,44.3,2012
670,Weapons,269972492,151572492.0,56.1,118400000,43.9,2025
671,Gran Torino,269958228,148095302.0,54.9,121862926,45.1,2008
672,"10,000 BC",269784201,94784201.0,35.1,175000000,64.9,2008
673,American Gangster,269755430,130164645.0,48.2,139590785,51.8,2007
674,The Nun II,269667073,86267073.0,32.0,183400000,68.0,2023
675,Epic,268426634,107518682.0,40.1,160907952,59.9,2013
676,Exodus: Gods and Kings,268175631,65014513.0,24.2,203161118,75.8,2014
677,This Is It,267983588,72091016.0,26.9,195892572,73.1,2009
678,Bambi,267447150,102247150.0,38.2,165200000,61.8,1942
679,The Princess and the Frog,267056816,104400899.0,39.1,162655917,60.9,2009
680,Batman Returns,266942358,162924631.0,61.0,104017727,39.0,1992
681,Indecent Proposal,266614059,106614059.0,40.0,160000000,60.0,1993
682,Something's Gotta Give,265328837,124728738.0,47.0,140600099,53.0,2003
683,Bridget Jones: The Edge of Reason,265126918,40226215.0,15.2,224900703,84.8,2004
684,The Incredible Hulk,264770996,134806913.0,50.9,129964083,49.1,2008
685,Waterworld,264218220,88246220.0,33.4,175972000,66.6,1995
686,The Truman Show,264118712,125618201.0,47.6,138500511,52.4,1998
687,Charlie's Angels,264105545,125305545.0,47.4,138800000,52.6,2000
688,The Fifth Element,263920180,63820180.0,24.2,200100000,75.8,1997
689,Jumanji,262821940,100499940.0,38.2,162322000,61.8,1995
690,Borat,262552893,128505958.0,48.9,134046935,51.1,2006
691,Parasite,262550310,53847897.0,20.5,208702413,79.5,2019
692,Robots,262511490,128200012.0,48.8,134311478,51.2,2005
693,Knight and Day,261930436,76423035.0,29.2,185507401,70.8,2010
694,A Quiet Place: Day One,261907653,139051884.0,53.1,122855769,46.9,2024
695,Taylor Swift: The Eras Tour,261656269,180756269.0,69.1,80900000,30.9,2023
696,Total Recall,261317921,119412921.0,45.7,141905000,54.3,1990
697,Encanto,261292688,96093622.0,36.8,165199066,63.2,2021
698,Terminator: Dark Fate,261119292,62253077.0,23.8,198866215,76.2,2019
699,The Lone Ranger,260502115,89302115.0,34.3,171200000,65.7,2013
700,Super 8,260095986,127004179.0,48.8,133091807,51.2,2011
701,Halloween,259939869,159342015.0,61.3,100597854,38.7,2018
702,Get Out,259861530,176196665.0,67.8,83664865,32.2,2016
703,Mojin: The Lost Legend,259368448,1243810.0,0.5,258124638,99.5,2015
704,Charlie's Angels: Full Throttle,259175788,100830111.0,38.9,158345677,61.1,2003
705,Rush Hour 3,258097122,140125968.0,54.3,117971154,45.7,2007
706,The Full Monty,257938649,45950122.0,17.8,211988527,82.2,1997
707,Erin Brockovich,257851763,125595205.0,48.7,132256558,51.3,2000
708,Kung Fu Yoga,257753889,362657.0,0.1,257391232,99.9,2017
709,Annabelle,257589952,84284252.0,32.7,173305700,67.3,2014
710,The Garfield Movie,257211519,91956547.0,35.8,165254972,64.2,2024
711,The Village,256697520,114197520.0,44.5,142500000,55.5,2003
712,Lost in Hong Kong,256283912,1302281.0,0.5,254981631,99.5,2015
713,Us,256071218,175084580.0,68.4,80986638,31.6,2019
714,Pegasus,255863112,,,255863112,100.0,2019
715,Marley & Me,255743968,143153751.0,56.0,112590217,44.0,2008
716,Cliffhanger,255000211,84049211.0,33.0,170951000,67.0,1993
717,Wish,254997360,63973821.0,25.1,191023539,74.9,2023
718,Baahubali 2: The Conclusion,254158390,20186659.0,7.9,233971731,92.1,2017
719,Babe,254134910,63658910.0,25.0,190476000,75.0,1995
720,Men in Black: International,253890701,80001807.0,31.5,173888894,68.5,2019
721,Wild Hogs,253625427,168273550.0,66.4,85351877,33.6,2007
722,High School Musical 3: Senior Year,252937244,90559416.0,35.8,162377828,64.2,2008
723,Hercules,252712101,99112101.0,39.2,153600000,60.8,1997
724,Love Actually,252591708,60352285.0,23.9,192239423,76.1,2003
725,X-Men: Dark Phoenix,252442974,65845974.0,26.1,186597000,73.9,2019
726,True Grit,252278285,171243005.0,67.9,81035280,32.1,2010
727,Dolittle,251410631,77047065.0,30.6,174363566,69.4,2020
728,Bean,251212670,45319423.0,18.0,205893247,82.0,1997
729,American Hustle,251171807,150117807.0,59.8,101054000,40.2,2013
730,The Godfather,250933053,136381073.0,54.4,114551980,45.6,1972
731,Boonie Bears: Time Twist,250921235,,,250921235,100.0,2024
732,Enemy of the State,250849789,111549836.0,44.5,139299953,55.5,1998
733,You've Got Mail,250821575,115821495.0,46.2,135000080,53.8,1998
734,Sound of Freedom,250570396,184178046.0,73.5,66392350,26.5,2023
735,Eragon,250425512,75030163.0,30.0,175395349,70.0,2006
736,Brother Bear,250397798,85336277.0,34.1,165061521,65.9,2003
737,The Bad Guys,250387888,97459240.0,38.9,152928648,61.1,2022
738,Chang An,250318788,,,250318788,100.0,2023
739,The Mask of Zorro,250288523,94095523.0,37.6,156193000,62.4,1998
740,The Ring,249348933,129128133.0,51.8,120220800,48.2,2002
741,The Blair Witch Project,248639881,140539099.0,56.5,108100782,43.5,1999
742,Unbreakable,248118121,95011339.0,38.3,153106782,61.7,2000
743,Journey to the West: The Demons Strike Back,247585244,880346.0,0.4,246704898,99.6,2017
744,Dumb and Dumber,247290327,127190327.0,51.4,120100000,48.6,1994
745,Glass,246999039,111048468.0,45.0,135950571,55.0,2019
746,Grown Ups 2,246984278,133668525.0,54.1,113315753,45.9,2013
747,The First Slam Dunk,246868956,1291869.0,0.5,245577087,99.5,2022
748,The Peanuts Movie,246233113,130178411.0,52.9,116054702,47.1,2015
749,Rango,245724603,123477607.0,50.2,122246996,49.8,2011
750,Four Weddings and a Funeral,245700832,52700832.0,21.4,193000000,78.6,1994
751,Face/Off,245676146,112276146.0,45.7,133400000,54.3,1997
752,Teenage Mutant Ninja Turtles: Out of the Shadows,245623848,82051601.0,33.4,163572247,66.6,2016
753,Dark Shadows,245527817,79727149.0,32.5,165800668,67.5,2012
754,Hulk,245285165,132177234.0,53.9,113107931,46.1,2003
755,The Bravest,245179562,290217.0,0.1,244889345,99.9,2019
756,Welcome to the Sticks,245144417,,,245144417,100.0,2008
757,Back to the Future Part III,245077583,88277583.0,36.0,156800000,64.0,1990
758,Pixels,244874809,78747585.0,32.2,166127224,67.8,2015
759,Hercules,244819862,72688614.0,29.7,172131248,70.3,2014
760,Rush Hour,244721064,141186864.0,57.7,103534200,42.3,1998
761,Journey to the Center of the Earth,244232688,101704370.0,41.6,142528318,58.4,2008
762,Sully,243870033,125070033.0,51.3,118800000,48.7,2016
763,After Earth,243611982,60522097.0,24.8,183089885,75.2,2013
764,Howl's Moving Castle,243392981,10352604.0,4.2,233040377,95.8,2004
765,A Few Good Men,243240178,141340178.0,58.1,101900000,41.9,1992
766,Cloudy with a Chance of Meatballs,243006136,124870275.0,51.4,118135861,48.6,2009
767,8 Mile,242875078,116750901.0,48.1,126124177,51.9,2002
768,Daddy's Home,242786137,150357137.0,61.9,92429000,38.1,2015
769,RoboCop,242688965,58607007.0,24.2,184081958,75.8,2014
770,Now You See Me: Now You Don't,242335057,61882396.0,25.5,180452661,74.5,2025
771,Eraser,242295562,101295562.0,41.8,141000000,58.2,1996
772,Alien: Covenant,240892187,74262031.0,30.8,166630156,69.2,2017
773,Assassin's Creed,240697856,54647948.0,22.7,186049908,77.3,2016
774,Click,240685326,137355633.0,57.1,103329693,42.9,2006
775,Jiang Ziya,240646355,214670.0,0.1,240431685,99.9,2020
776,Planes,240171783,90288712.0,37.6,149883071,62.4,2013
777,Resident Evil: Retribution,240159255,42345531.0,17.6,197813724,82.4,2012
778,Die Hard 2,240031274,117540947.0,49.0,122490327,51.0,1990
779,The Bad Guys 2,239618668,82593605.0,34.5,157025063,65.5,2025
780,Crocodile Dundee II,239606210,109306210.0,45.6,130300000,54.4,1988
781,Crazy Rich Asians,239343729,174837452.0,73.0,64506277,27.0,2018
782,Bullet Train,239268602,103368602.0,43.2,135900000,56.8,2022
783,Five Nights at Freddy's 2,238476616,127730290.0,53.6,110746326,46.4,2025
784,Batman & Robin,238259753,107353792.0,45.1,130905961,54.9,1997
785,Hidden Figures,237613666,169607287.0,71.4,68006379,28.6,2016
786,Gulliver's Travels,237382724,42779261.0,18.0,194603463,82.0,2010
787,Gone in 60 Seconds,237202299,101648571.0,42.8,135553728,57.2,2000
788,Green Lantern,237201172,116601172.0,49.2,120600000,50.8,2011
789,Saturday Night Fever,237113184,94213184.0,39.7,142900000,60.3,1977
790,Silver Linings Playbook,236412453,132092958.0,55.9,104319495,44.1,2012
791,2 Fast 2 Furious,236353236,127154901.0,53.8,109198335,46.2,2003
792,A.I. Artificial Intelligence,235926635,78616689.0,33.3,157309946,66.7,2001
793,Dead Poets Society,235860116,95860116.0,40.6,140000000,59.4,1989
794,Spy,235666219,110825712.0,47.0,124840507,53.0,2015
795,American Pie,235483004,102561004.0,43.6,132922000,56.4,1999
796,American Reunion,234989584,57011521.0,24.3,177978063,75.7,2012
797,Big Daddy,234801895,163479795.0,69.6,71322100,30.4,1999
798,Alvin and the Chipmunks: The Road Chip,234798636,85886987.0,36.6,148911649,63.4,2015
799,The Imitation Game,233555708,91125683.0,39.0,142430025,61.0,2014
800,Cruella,233503234,86103234.0,36.9,147400000,63.1,2021
801,The Day the Earth Stood Still,233093859,79366978.0,34.0,153726881,66.0,2008
802,Elf,232908088,179757261.0,77.2,53150827,22.8,2003
803,American Wedding,232722935,104565114.0,44.9,128157821,55.1,2003
804,The Girl with the Dragon Tattoo,232617430,102515793.0,44.1,130101637,55.9,2011
805,Juno,232373066,143495265.0,61.8,88877801,38.2,2007
806,Argo,232325503,136025503.0,58.6,96300000,41.4,2012
807,Mr. Bean's Holiday,232225908,33302167.0,14.3,198923741,85.7,2007
808,The English Patient,231976425,78676425.0,33.9,153300000,66.1,1996
809,Sister Act,231605150,139605150.0,60.3,92000000,39.7,1992
810,Annabelle Comes Home,231252591,74152591.0,32.1,157100000,67.9,2019
811,Constantine,230912116,75976178.0,32.9,154935938,67.1,2005
812,Get Smart,230685453,130319208.0,56.5,100366245,43.5,2008
813,Space Jam,230594962,90594962.0,39.3,140000000,60.7,1996
814,Life Is Beautiful,230099013,57563264.0,25.0,172535749,75.0,1998
815,The Heat,229930771,159582188.0,69.4,70348583,30.6,2013
816,Ghostbusters,229147509,128350574.0,56.0,100796935,44.0,2016
817,Ghost Rider,228738393,115802596.0,50.6,112935797,49.4,2007
818,Goodbye Mr. Loser,228122928,1293626.0,0.6,226829302,99.4,2015
819,Sleepless in Seattle,227927165,126808165.0,55.6,101119000,44.4,1993
820,Lethal Weapon 2,227853986,147253986.0,64.6,80600000,35.4,1989
821,The Green Hornet,227817248,98780042.0,43.4,129037206,56.6,2011
822,Out of Africa,227514205,87071205.0,38.3,140443000,61.7,1985
823,Better Days,227140557,1921657.0,0.8,225218900,99.2,2019
824,Youth,227091290,1891956.0,0.8,225199334,99.2,2017
825,Baby Driver,226945087,107825862.0,47.5,119119225,52.5,2017
826,Immortals,226904017,83504017.0,36.8,143400000,63.2,2011
827,Taken,226837760,145000989.0,63.9,81836771,36.1,2008
828,Percy Jackson & the Olympians: The Lightning Thief,226497209,88768303.0,39.2,137728906,60.8,2010
829,Lightyear,226425420,118307188.0,52.2,108118232,47.8,2022
830,Hansel & Gretel: Witch Hunters,226349749,55703475.0,24.6,170646274,75.4,2013
831,Ford v Ferrari,226299480,117624357.0,52.0,108675123,48.0,2019
832,Valerian and the City of a Thousand Planets,225973340,41189488.0,18.2,184783852,81.8,2017
833,Good Will Hunting,225933435,138433435.0,61.3,87500000,38.7,1997
834,Chicken Run,225142782,107071709.0,47.6,118071073,52.4,2000
835,Jumper,225132113,80172128.0,35.6,144959985,64.4,2008
836,The Social Network,224927749,96962694.0,43.1,127965055,56.9,2010
837,Con Air,224012234,101117573.0,45.1,122894661,54.9,1997
838,Interview with the Vampire,223664608,105264608.0,47.1,118400000,52.9,1994
839,Flightplan,223387299,89707299.0,40.2,133680000,59.8,2005
840,Yes Man,223241637,97690976.0,43.8,125550661,56.2,2008
841,Non-Stop,222809600,92168600.0,41.4,130641000,58.6,2014
842,"Honey, I Shrunk the Kids",222724172,130724172.0,58.7,92000000,41.3,1989
843,Fahrenheit 9/11,222446882,119194771.0,53.6,103252111,46.4,2004
844,Napoleon,222435664,61524375.0,27.7,160911289,72.3,2023
845,Wild Wild West,222104681,113804681.0,51.2,108300000,48.8,1999
846,Geostorm,221900160,33700160.0,15.2,188200000,84.8,2017
847,"My Country, My Parents",221831086,177133.0,0.1,221653953,99.9,2021
848,The Help,221802186,169708112.0,76.5,52094074,23.5,2011
849,Presumed Innocent,221303188,86303188.0,39.0,135000000,61.0,1990
850,Suzume,221184739,10932037.0,4.9,210252702,95.1,2022
851,Jungle Cruise,220889446,116987516.0,53.0,103901930,47.0,2021
852,Scary Movie 3,220673217,110003217.0,49.8,110670000,50.2,2003
853,Anyone But You,220332985,88319668.0,40.1,132013317,59.9,2023
854,Collateral,220241086,101005703.0,45.9,119235383,54.1,2004
855,Little Women,220102679,108101214.0,49.1,112001465,50.9,2019
856,Inferno,220021259,34343574.0,15.6,185677685,84.4,2016
857,Knocked Up,219922417,148768917.0,67.6,71153500,32.4,2007
858,What Happens in Vegas,219375562,80277646.0,36.6,139097916,63.4,2008
859,It's Complicated,219103655,112735375.0,51.4,106368280,48.6,2009
860,The Terminal,219100084,77872883.0,35.5,141227201,64.5,2004
861,Captain Phillips,218791811,107100855.0,49.0,111690956,51.0,2013
862,The Prince of Egypt,218613188,101413188.0,46.4,117200000,53.6,1998
863,Jack Reacher,218340595,80070736.0,36.7,138269859,63.3,2012
864,Boonie Bears: Guardian Code,218069789,,,218069789,100.0,2023
865,Smallfoot,218015531,83315531.0,38.2,134700000,61.8,2018
866,The Emoji Movie,217776646,86089513.0,39.5,131687133,60.5,2017
867,Smile,217408513,105935048.0,48.7,111473465,51.3,2022
868,Too Cool to Kill,217254604,185882.0,0.1,217068722,99.9,2022
869,Dracula Untold,217124280,56280355.0,25.9,160843925,74.1,2014
870,Central Intelligence,216940871,127440871.0,58.7,89500000,41.3,2016
871,Million Dollar Baby,216763646,100492203.0,46.4,116271443,53.6,2004
872,Twins,216614388,111938388.0,51.7,104676000,48.3,1988
873,Valentine's Day,216528528,110528528.0,51.0,106000000,49.0,2010
874,Superman II,216385706,108185706.0,50.0,108200000,50.0,1981
875,Bad Teacher,216197492,100292856.0,46.4,115904636,53.6,2011
876,A Little Red Flower,216000000,,,216000000,100.0,2020
877,The Croods: A New Age,215905815,58568815.0,27.1,157337000,72.9,2020
878,Clear and Present Danger,215887717,122187717.0,56.6,93700000,43.4,1994
879,One Hundred and One Dalmatians,215880014,144880014.0,67.1,71000000,32.9,1961
880,Ted 2,215863606,81476385.0,37.7,134387221,62.3,2015
881,Dracula,215862692,82522790.0,38.2,133339902,61.8,1992
882,Vertical Limit,215663859,69243859.0,32.1,146420000,67.9,2000
883,Ghostbusters II,215394738,112494738.0,52.2,102900000,47.8,1989
884,The Patriot,215294342,113330342.0,52.6,101964000,47.4,2000
885,The Sorcerer's Apprentice,215283742,63150991.0,29.3,152132751,70.7,2010
886,Just Go with It,214945591,103028109.0,47.9,111917482,52.1,2011
887,The Expendables 3,214657577,39322544.0,18.3,175335033,81.7,2014
888,Dirty Dancing,214577242,64577242.0,30.1,150000000,69.9,1987
889,Creed II,214215889,115715889.0,54.0,98500000,46.0,2018
890,Kingdom of Heaven,214171045,47527678.0,22.2,166643367,77.8,2005
891,Public Enemies,214104620,97104620.0,45.4,117000000,54.6,2009
892,The Bourne Identity,214034224,121661683.0,56.8,92372541,43.2,2002
893,Disclosure,214015089,83015089.0,38.8,131000000,61.2,1994
894,"Crouching Tiger, Hidden Dragon",213979405,128530421.0,60.1,85448984,39.9,2000
895,Pulp Fiction,213928762,107928762.0,50.4,106000000,49.6,1994
896,The Aviator,213719942,102610330.0,48.0,111109612,52.0,2004
897,Braveheart,213216216,75609945.0,35.5,137606271,64.5,1995
898,Into the Woods,212902959,128002372.0,60.1,84900587,39.9,2014
899,Bedtime Stories,212874864,110101975.0,51.7,102772889,48.3,2008
900,Arrival,212758656,100546139.0,47.3,112212517,52.7,2016
901,Miss Congeniality,212758130,106807667.0,50.2,105950463,49.8,2000
902,Entrapment,212404396,87704396.0,41.3,124700000,58.7,1999
903,Ace Ventura: When Nature Calls,212385533,108385533.0,51.0,104000000,49.0,1995
904,End of Days,211989043,66889043.0,31.6,145100000,68.4,1999
905,Bridget Jones's Baby,211952420,24252420.0,11.4,187700000,88.6,2016
906,Australia,211851034,49554002.0,23.4,162297032,76.6,2008
907,Fury,211822697,85817906.0,40.5,126004791,59.5,2014
908,Battle Los Angeles,211819354,83552429.0,39.4,128266925,60.6,2011
909,Due Date,211780824,100539043.0,47.5,111241781,52.5,2010
910,Master and Commander: The Far Side of the World,211623421,93927920.0,44.4,117695501,55.6,2003
911,A Series of Unfortunate Events,211468235,118634549.0,56.1,92833686,43.9,2004
912,The Little Mermaid,211343479,111543479.0,52.8,99800000,47.2,1989
913,Nice View,211019042,,,211019042,100.0,2022
914,District 9,210889681,115646235.0,54.8,95243446,45.2,2009
915,Moonraker,210308099,70308099.0,33.4,140000000,66.6,1979
916,Trolls Band Together,210231405,103270155.0,49.1,106961250,50.9,2023
917,The Others,210032066,96578502.0,46.0,113453564,54.0,2001
918,Horrible Bosses,209838559,117538559.0,56.0,92300000,44.0,2011
919,One Battle After Another,209334238,72234238.0,34.5,137100000,65.5,2025
920,Us and Them,209221380,,,209221380,100.0,2018
921,Red Dragon,209196298,93149898.0,44.5,116046400,55.5,2002
922,Tomorrowland,209035668,93436322.0,44.7,115599346,55.3,2015
923,Me Before You,208450780,56245075.0,27.0,152205705,73.0,2016
924,Safe House,208076205,126373434.0,60.7,81702771,39.3,2012
925,S.W.A.T.,207725639,116934650.0,56.3,90790989,43.7,2003
926,DC League of Super-Pets,207557117,93657117.0,45.1,113900000,54.9,2022
927,The Fast and the Furious,207517995,144745925.0,69.8,62772070,30.2,2001
928,Traffic,207515725,124115725.0,59.8,83400000,40.2,2000
929,Joker: Folie à Deux,207500287,58300287.0,28.1,149200000,71.9,2024
930,Paranormal Activity 3,207039844,104028807.0,50.2,103011037,49.8,2011
931,Philadelphia,206678440,77446440.0,37.5,129232000,62.5,1993
932,Ponyo,206560406,16543471.0,8.0,190016935,92.0,2008
933,The Conjuring: The Devil Made Me Do It,206444123,65631050.0,31.8,140813073,68.2,2021
934,The Marvels,206136825,84500223.0,41.0,121636602,59.0,2023
935,Sleepy Hollow,206071526,101071502.0,49.0,105000024,51.0,1999
936,The Jungle Book,205843612,141843612.0,68.9,64000000,31.1,1967
937,Raging Fire,205842393,385305.0,0.2,205457088,99.8,2021
938,London Has Fallen,205754447,62524260.0,30.4,143230187,69.6,2016
939,Snow White,205679463,87203963.0,42.4,118475500,57.6,2025
940,The Break-Up,205668210,118703275.0,57.7,86964935,42.3,2006
941,Journey to the West: Conquering the Demons,205637183,18058.0,0.1,205619125,100.0,2013
942,The Ugly Truth,205599393,88915214.0,43.2,116684179,56.8,2009
943,Birds of Prey and the Fantabulous Emancipation of One Harley Quinn,205537933,84172791.0,41.0,121365142,59.0,2020
944,Dungeons & Dragons: Honor Among Thieves,205460387,93549650.0,45.5,111910737,54.5,2023
945,Wuthering Heights,205414775,76214775.0,37.1,129200000,62.9,2026
946,JFK,205405498,70405498.0,34.3,135000000,65.7,1991
947,White House Down,205366737,73103784.0,35.6,132262953,64.4,2013
948,The Holiday,205233866,63224849.0,30.8,142009017,69.2,2006
949,PAW Patrol: The Mighty Movie,205098869,65343309.0,31.9,139755560,68.1,2023
950,A Dog's Purpose,205035819,64508620.0,31.5,140527199,68.5,2017
951,Fun with Dick and Jane,204681899,110332737.0,53.9,94349162,46.1,2005
952,Eat Pray Love,204596571,80574010.0,39.4,124022561,60.6,2010
953,Ghostbusters: Afterlife,204445747,129471867.0,63.3,74973880,36.7,2021
954,The Addams Family,204394183,100723831.0,49.3,103670352,50.7,2019
955,You Don't Mess with the Zohan,204313400,100018837.0,49.0,104294563,51.0,2008
956,Hairspray,203631405,118946291.0,58.4,84685114,41.6,2007
957,King Arthur,203567857,51882244.0,25.5,151685613,74.5,2004
958,Yogi Bear,203509374,100246011.0,49.3,103263363,50.7,2010
959,Everest,203427584,43482270.0,21.4,159945314,78.6,2015
960,Vanilla Sky,203388341,100618344.0,49.5,102769997,50.5,2001
961,Need for Speed,203277636,43577636.0,21.4,159700000,78.6,2014
962,Garfield: The Movie,203172417,75369589.0,37.1,127802828,62.9,2004
963,Patch Adams,202292902,135026902.0,66.8,67266000,33.2,1998
964,Teenage Mutant Ninja Turtles,202084756,135384756.0,67.0,66700000,33.0,1990
965,Ghostbusters: Frozen Empire,201967521,113376590.0,56.1,88590931,43.9,2024
966,Kindergarten Cop,201957688,91457688.0,45.3,110500000,54.7,1990
967,Straight Outta Compton,201634991,161197785.0,80.0,40437206,20.0,2015
968,21 Jump Street,201585556,138447667.0,68.7,63137889,31.3,2012
969,Valkyrie,201545517,83077833.0,41.2,118467684,58.8,2008
970,Open Season,200811689,85105259.0,42.4,115706430,57.6,2006
971,Cats & Dogs,200687492,93385515.0,46.5,107301977,53.5,2001
972,The Hunt for Red October,200512643,122012643.0,60.8,78500000,39.2,1990
973,Percy Jackson: Sea of Monsters,199850315,68559554.0,34.3,131290761,65.7,2013
974,The Lego Movie 2: The Second Part,199603202,105956290.0,53.1,93646912,46.9,2019
975,Two Weeks Notice,199043471,93354851.0,46.9,105688620,53.1,2002
976,RED,199006387,90380162.0,45.4,108626225,54.6,2010
977,Shock Wave 2,198921659,,,198921659,100.0,2020
978,City of Angels,198685114,78685114.0,39.6,120000000,60.4,1998
979,The Pacifier,198636868,113086868.0,56.9,85550000,43.1,2005
980,50 First Dates,198520934,120908074.0,60.9,77612860,39.1,2004
981,Total Recall,198467607,58877969.0,29.7,139589638,70.3,2012
982,The Island,198326350,670883.0,0.3,197655467,99.7,2018
983,The Impossible,198087212,19019882.0,9.6,179067330,90.4,2012
984,Lost in Thailand,197757387,57387.0,0.1,197700000,100.0,2012
985,Christopher Robin,197744825,99215042.0,50.2,98529783,49.8,2018
986,Jack the Giant Slayer,197687603,65187603.0,33.0,132500000,67.0,2013
987,Smurfs: The Lost Village,197183546,45020282.0,22.8,152163264,77.2,2017
988,Chinese Doctors,197143218,,,197143218,100.0,2021
989,Spy Kids 3: Game Over,197101678,111761982.0,56.7,85339696,43.3,2003
990,Panic Room,197079546,96397334.0,48.9,100682212,51.1,2002
991,The Other Woman,196710396,83911193.0,42.7,112799203,57.3,2014
992,Stargate,196567262,71567262.0,36.4,125000000,63.6,1994
993,Beowulf,196393745,82280579.0,41.9,114113166,58.1,2007
994,The Vow,196114570,125014030.0,63.8,71100540,36.2,2012
995,Anger Management,195745823,135645823.0,69.3,60100000,30.7,2003
996,Tropic Thunder,195703708,110515313.0,56.5,85188395,43.5,2008
997,Rocketman,195320400,96368160.0,49.3,98952240,50.7,2019
998,The Pelican Brief,195268056,100768056.0,51.6,94500000,48.4,1993
999,The Shape of Water,195243464,63859435.0,32.7,131384029,67.3,2017
"1,000",The Intern,194764672,75764672.0,38.9,119000000,61.1,2015
